{
    "cursor": {
        "bottom": "DAACCgACGq5YIa0AJxAKAAMarlghrP_Y8AgABAAAAAILAAUAAAA8RW1QQzZ3QUFBZlEvZ0dKTjB2R3AvQUFBQUFNYXJoQU9FMWVRMUJxdG9XOExWb0dTR3E1QkxiS1dnSnM9CAAGAAAAAAgABwAAAAAMAAgKAAEaraFvC1aBkgAAAA",
        "top": "DAACCgACGq5YIa0AJxAKAAMarlghrP_Y8AgABAAAAAELAAUAAAA8RW1QQzZ3QUFBZlEvZ0dKTjB2R3AvQUFBQUFNYXJoQU9FMWVRMUJxdG9XOExWb0dTR3E1QkxiS1dnSnM9CAAGAAAAAAgABwAAAAAMAAgKAAEaraFvC1aBkgAAAA"
    },
    "result": {
        "timeline": {
            "instructions": [
                {
                    "type": "TimelineAddEntries",
                    "entries": [
                        {
                            "entryId": "toptabsrpusermodule-1922570992593403904",
                            "sortIndex": "1922570992593403904",
                            "content": {
                                "entryType": "TimelineTimelineModule",
                                "__typename": "TimelineTimelineModule",
                                "items": [
                                    {
                                        "entryId": "toptabsrpusermodule-1922570992593403904-user-1883347277269651456",
                                        "item": {
                                            "itemContent": {
                                                "itemType": "TimelineUser",
                                                "__typename": "TimelineUser",
                                                "user_results": {
                                                    "result": {
                                                        "__typename": "User",
                                                        "id": "VXNlcjoxODgzMzQ3Mjc3MjY5NjUxNDU2",
                                                        "rest_id": "1883347277269651456",
                                                        "affiliates_highlighted_label": {},
                                                        "has_graduated_access": true,
                                                        "is_blue_verified": true,
                                                        "profile_image_shape": "Circle",
                                                        "legacy": {
                                                            "can_dm": false,
                                                            "can_media_tag": true,
                                                            "created_at": "Sun Jan 26 02:52:45 +0000 2025",
                                                            "default_profile": true,
                                                            "default_profile_image": false,
                                                            "description": "Stake this week's Trending Meme Coin for a chance to win more!\n\nJoin the Raffle to win your share of Solana!\n\nTG - https://t.co/FFq15KLrXL",
                                                            "entities": {
                                                                "description": {
                                                                    "urls": [
                                                                        {
                                                                            "display_url": "t.me/trendingmemeco…",
                                                                            "expanded_url": "https://t.me/trendingmemecoinsTMC",
                                                                            "url": "https://t.co/FFq15KLrXL",
                                                                            "indices": [
                                                                                115,
                                                                                138
                                                                            ]
                                                                        }
                                                                    ]
                                                                },
                                                                "url": {
                                                                    "urls": [
                                                                        {
                                                                            "display_url": "trendingmemecoins.com",
                                                                            "expanded_url": "https://trendingmemecoins.com/",
                                                                            "url": "https://t.co/BbEA8sDHV7",
                                                                            "indices": [
                                                                                0,
                                                                                23
                                                                            ]
                                                                        }
                                                                    ]
                                                                }
                                                            },
                                                            "fast_followers_count": 0,
                                                            "favourites_count": 0,
                                                            "followers_count": 4307,
                                                            "friends_count": 4,
                                                            "has_custom_timelines": false,
                                                            "is_translator": false,
                                                            "listed_count": 12,
                                                            "location": "",
                                                            "media_count": 74,
                                                            "name": "Trending Meme Coins",
                                                            "normal_followers_count": 4307,
                                                            "pinned_tweet_ids_str": [],
                                                            "possibly_sensitive": false,
                                                            "profile_banner_url": "https://pbs.twimg.com/profile_banners/1883347277269651456/1737860738",
                                                            "profile_image_url_https": "https://pbs.twimg.com/profile_images/1883351013018456064/kjj2qNO6_normal.jpg",
                                                            "profile_interstitial_type": "",
                                                            "screen_name": "TrendingMemeCns",
                                                            "statuses_count": 284,
                                                            "translator_type": "none",
                                                            "url": "https://t.co/BbEA8sDHV7",
                                                            "verified": false,
                                                            "want_retweets": false,
                                                            "withheld_in_countries": []
                                                        },
                                                        "tipjar_settings": {}
                                                    }
                                                },
                                                "userDisplayType": "UserDetailed"
                                            },
                                            "clientEventInfo": {
                                                "component": "user_module",
                                                "element": "user",
                                                "details": {
                                                    "timelinesDetails": {
                                                        "controllerData": "DAACDAAFDAABDAACCgABAAAAAAAAAAEKAALMCtFF2sh5hQsAAwAAAAltZW1lIGNvaW4KAAVQhBYYADqSSggABgAAAAEKAAfwc63IdL8L/QAAAAAA"
                                                    }
                                                }
                                            }
                                        }
                                    },
                                    {
                                        "entryId": "toptabsrpusermodule-1922570992593403904-user-1475686491040985094",
                                        "item": {
                                            "itemContent": {
                                                "itemType": "TimelineUser",
                                                "__typename": "TimelineUser",
                                                "user_results": {
                                                    "result": {
                                                        "__typename": "User",
                                                        "id": "VXNlcjoxNDc1Njg2NDkxMDQwOTg1MDk0",
                                                        "rest_id": "1475686491040985094",
                                                        "affiliates_highlighted_label": {},
                                                        "has_graduated_access": true,
                                                        "is_blue_verified": true,
                                                        "profile_image_shape": "Circle",
                                                        "legacy": {
                                                            "can_dm": true,
                                                            "can_media_tag": true,
                                                            "created_at": "Tue Dec 28 04:34:41 +0000 2021",
                                                            "default_profile": true,
                                                            "default_profile_image": false,
                                                            "description": "Meme Coin Promoter✨, Influencer🤳🏽, Marketer📈 • Message for Authentic + Organic + Negotiable Promotions, Cryptos, Websites, NFT Projects, etc.",
                                                            "entities": {
                                                                "description": {
                                                                    "urls": []
                                                                }
                                                            },
                                                            "fast_followers_count": 0,
                                                            "favourites_count": 2362250,
                                                            "followers_count": 66928,
                                                            "friends_count": 561,
                                                            "has_custom_timelines": false,
                                                            "is_translator": false,
                                                            "listed_count": 110,
                                                            "location": "MESSAGE FOR PROMOTIONS📩",
                                                            "media_count": 369,
                                                            "name": "Meme Coin Promoter Ashton✨",
                                                            "normal_followers_count": 66928,
                                                            "pinned_tweet_ids_str": [],
                                                            "possibly_sensitive": false,
                                                            "profile_banner_url": "https://pbs.twimg.com/profile_banners/1475686491040985094/1698820346",
                                                            "profile_image_url_https": "https://pbs.twimg.com/profile_images/1619896117679820801/hVagVII-_normal.jpg",
                                                            "profile_interstitial_type": "",
                                                            "screen_name": "AshtonNFTs",
                                                            "statuses_count": 3240,
                                                            "translator_type": "none",
                                                            "verified": false,
                                                            "want_retweets": false,
                                                            "withheld_in_countries": []
                                                        },
                                                        "professional": {
                                                            "rest_id": "1682816916442738688",
                                                            "professional_type": "Creator",
                                                            "category": [
                                                                {
                                                                    "id": 934,
                                                                    "name": "Social Media Influencer",
                                                                    "icon_name": ""
                                                                }
                                                            ]
                                                        },
                                                        "tipjar_settings": {
                                                            "is_enabled": true
                                                        },
                                                        "super_follow_eligible": true
                                                    }
                                                },
                                                "userDisplayType": "UserDetailed"
                                            },
                                            "clientEventInfo": {
                                                "component": "user_module",
                                                "element": "user",
                                                "details": {
                                                    "timelinesDetails": {
                                                        "controllerData": "DAACDAAFDAABDAACCgABAAAAAAAAAAEKAALMCtFF2sh5hQsAAwAAAAltZW1lIGNvaW4KAAVQhBYYADqSSggABgAAAAEKAAfwc63IdL8L/QAAAAAA"
                                                    }
                                                }
                                            }
                                        }
                                    },
                                    {
                                        "entryId": "toptabsrpusermodule-1922570992593403904-user-889353155766624256",
                                        "item": {
                                            "itemContent": {
                                                "itemType": "TimelineUser",
                                                "__typename": "TimelineUser",
                                                "user_results": {
                                                    "result": {
                                                        "__typename": "User",
                                                        "id": "VXNlcjo4ODkzNTMxNTU3NjY2MjQyNTY=",
                                                        "rest_id": "889353155766624256",
                                                        "affiliates_highlighted_label": {},
             
(Content truncated due to size limit. Use line ranges to read in chunks)