query_term,user_id,user_screen_name,user_name,user_description,user_followers_count,user_friends_count,user_verified,user_statuses_count,user_created_at,is_user_profile,tweet_id,created_at,full_text,retweet_count,favorite_count,reply_count,quote_count,lang,text_length,word_count,has_mention,has_hashtag,has_url,sentiment_compound,sentiment_pos,sentiment_neg,sentiment_neu
meme coin,1883347277269651456,TrendingMemeCns,Trending Meme Coins,"Stake this week's Trending Meme Coin for a chance to win more!

Join the Raffle to win your share of Solana!

TG - https://t.co/FFq15KLrXL",4307,4,False,284,Sun Jan 26 02:52:45 +0000 2025,True,,,nan,,,,,,,,,,,0.0,0.0,0.0,1.0
meme coin,1475686491040985094,AshtonNFTs,Meme Coin Promoter Ashton✨,"Meme Coin Promoter✨, Influencer🤳🏽, Marketer📈 • Message for Authentic + Organic + Negotiable Promotions, Cryptos, Websites, NFT Projects, etc.",66928,561,False,3240,Tue Dec 28 04:34:41 +0000 2021,True,,,nan,,,,,,,,,,,0.0,0.0,0.0,1.0
meme coin,889353155766624256,BasedMemeCoins,BasedMemes,The go to source for meme coins in the Base ecosystem. For access to the directory or getting your project listed and promoted 👇,14331,417,False,5854,Mon Jul 24 05:14:50 +0000 2017,True,,,nan,,,,,,,,,,,0.0,0.0,0.0,1.0
meme coin,1600881230899290112,KiboShib,KIBSHI — first AI Meme Coin,World's first AI-generated meme coin ⋄⋄⋄ 𝕓𝕠𝕣𝕟: dec 8 𝟚𝟘𝟚𝟚 ⋄⋄⋄ 世界初 AI ミームコイン ⋄⋄⋄ https://t.co/CXMlkx3e3I ⋄⋄⋄ meme/acc ⋄⋄⋄ AI Dog Coin 🐶,11163,369,False,5995,Thu Dec 08 15:53:36 +0000 2022,True,,,nan,,,,,,,,,,,0.0,0.0,0.0,1.0
meme coin,1716296334674993152,memcoinx10000,Meme Coin,x10.000,1150,108,False,1143,Mon Oct 23 03:32:01 +0000 2023,True,,,nan,,,,,,,,,,,0.0,0.0,0.0,1.0
meme coin,1853712032111214592,MemeCoinsMafia,Meme Coins Mafia,🔥 Welcome to Meme Coins Mafia 🔥 | Finding the hottest meme coins & projects  | Personal Opinion Only - Not Financial Advice | Biggest Holds: $SKI $KEYCAT,1466,305,False,2267,Tue Nov 05 08:13:06 +0000 2024,True,,,nan,,,,,,,,,,,0.0,0.0,0.0,1.0
meme coin,1899176416639692800,TariffsMemeCoin,TeriffMemeCoins,Introducing TariffCoin: the ultimate meme coin that humorously embodies President Trump's 'Tariff Man' persona. Join the satire on trade wars and economic brava,221,3,False,29,Mon Mar 10 19:12:15 +0000 2025,True,,,nan,,,,,,,,,,,0.0,0.0,0.0,1.0
meme coin,1786826791660683264,CryptoGFishere,,,99842,8,False,243,Sat May 04 18:34:48 +0000 2024,,1.922545755459322e+18,Wed May 14 06:53:21 +0000 2025,"**k!! Just made $2,000,000 and I’m giving away 100 $SOL

I will be helping 10 of you guys (10 SOL) per each. It can be used to buy your first memecoin or to buy your first Crypto.

Just RETWEET, drop your ADDRESS and make sure you’re a FOLLOWER.

Let’s go fam 🤎 https://t.co/8aRijjuhp1",101.0,117.0,128.0,0.0,en,285.0,53.0,False,False,True,0.658,0.135,0.038,0.828
meme coin,1780190681756999680,SolanaSupremo,,,72883,0,False,281,Tue Apr 16 11:05:17 +0000 2024,,1.9223701142607304e+18,Tue May 13 19:15:25 +0000 2025,"FINALLY MADE $100k from a memecoin

As promised,
I want to change someone's life and send 25 $Sol (~$5,000) to one person by tomorrow.

Just like, retweet and comment 'done'.
Random winner in 15 hrs https://t.co/glAOQbS9IS",142.0,168.0,151.0,2.0,en,222.0,36.0,False,False,True,0.8442,0.252,0.0,0.748
meme coin,1047214253780819968,jamiekingston,,,80654,880,False,15405,Tue Oct 02 19:58:29 +0000 2018,,1.922491743573873e+18,Wed May 14 03:18:44 +0000 2025,Which #memecoin about to do this next? https://t.co/uTPOXYIsuG,28.0,79.0,86.0,0.0,en,62.0,8.0,False,True,True,0.0,0.0,0.0,1.0
